model_name,train_mae,train_rmse,train_mape,val_mae,val_rmse,val_mape,min_val_loss,epochs_trained,convergence
LSTM,0.00354476843012756,0.026212696489688478,872432836286195.9,0.00359200799699489,0.003898287442771005,1241583409550621.0,1.519664510851726e-05,67,Good
GRU,0.005427531202684823,0.02681008082437553,1414377654890195.2,0.004863717420282837,0.0065042654538800225,1546548518309938.0,4.230546983308159e-05,83,Slow
Bi-LSTM,0.0017899991607781423,0.026131771453074215,299907021774794.6,0.0013304557047217383,0.0017932194504745016,391629692336971.1,3.215636070308392e-06,90,Slow
CNN-1D,0.005547568992023292,0.026998544472351116,1446632358373025.0,0.004463147804352177,0.005653631709900224,1416542777093977.5,3.1963551009539515e-05,100,Slow
